,"Last Update: September 20, 2024",,,,,,,,,,,,,,,,,,,,Benefit estimates,,,,Cost estimates,,,,,,,,,,,,,,,,,,,
,Note: orange masses means using relationship from spright,,,,,,,,(0 when not known),,,,,,,,,,,,(distances from planets to the cosmic shoreline),,,,Hannah Diamond-Lowe's calculations,,,,,,Nestor Espinoza's calculations,,,,,,,,,,,,,
,,,,,,,,,,,,,,,,,,,,,,,,,(uses Pandeia/ETC; stellar PHOENIX models),,,,,,,,,,(scales observed MIRI uncertainties; stellar blackbodies),,,,,,,,,
Planet name,Rp,Rp_err,Mp,Mp_err,P,Kmag,Teff,log(g),Metallicity,Prot,a/Rs,Rp/Rs,Eclipse Dur,Teq,Priority metric,Rs,Ls,Instellation,XUV Instellation,Escape Velocity,Linear,Linear,Log-space,Log-space,subarray,1 eclipse depth precision,# eclipses (3sig.),tot. obs. time (3sig),# eclipses (4sig.),tot. obs. time (4sig),"Tday (no red; A = 0.1, e = 0)","Teq (full red; A = 0.3, e = 1)",Fp/Fs (no redistribution),Fp/Fs (full redistribution),1 eclipse depth precision,# eclipses (sigma used below),# eclipses (4sig.),tot. obs. time (4sig),Has < 20% mass constraint?,Parameter sources,,,General comments,
,(R_earth),(R_earth),(M_earth),(M_earth),(days),,(K),log10(cm/s^2),[Fe/H],(days),,,(hours),(K),,(R_sun),(L_Sun),(I_Earth),(I_Earth),(km/s),(using current instellation),(using XUV integrated instellation),(using current instellation),(using XUV integrated instellation),,(ppm),,(hrs),,(hrs),(K),(K),(ppm),(ppm),(ppm),4,,(hrs),"(0 = no, 1 = yes)",,,,,
TOI-406 c,2.08,0.16,6.57,0.93,13.18,8.8,3392,4.69,−0.02,29.2,44.6,0.047,2.080,359,11.43,0.41,0.0199,2.7571,28.9498,19.8804,11.4273,6.9246,0.4231,0.1725,sub256,50,5,29,10,58,447,329,94,40,68,26.10,27.00,183.38,1.00,Hord+2024,Lacedelli+2024,,"From Luque et al (upcoming paper by Lacedelli et al.) ---  ""The planet has a radius of 2.07+-0.16 Re, mass of 6.54+1.00-0.86 Me, insolation of 3.0+-0.7 Se, and equilibrium temperature of 365+-23K. The planet is a TOI-270d analog with great prospects for transmission spectroscopy. The planet is, however, not very likely to be rocky, but rather volatile-rich."". Properties from non-propietary literature: (Rp, Mp) = (1.96,5.03)",
TOI-198 b,1.44,0.08,3.91,0.46,10.22,7.9,3650,4.75,-0.7,,49.1,0.030,1.631,368,9.96,0.44,0.0310,3.0518,24.5314,18.4300,9.9576,6.0535,0.3778,0.1581,sub256,38,16,76,30,143,459,337,38,17,130372636642951000000000000000000000000000000000000000000000000000000000000000000000,600267636070230000000000000000000000000000000000000000000000000000000000000000000000000000000000000000000000000000000000000000000000000000000000000000000000000000000.00,600267636070230000000000000000000000000000000000000000000000000000000000000000000000000000000000000000000000000000000000000000000000000000000000000000000000000000000.00,3430169379559720000000000000000000000000000000000000000000000000000000000000000000000000000000000000000000000000000000000000000000000000000000000000000000000000000000.00,1.00,Oddo+2023,,,"Has some ESPRESSO RVs; need better phase coverage --- poor RV constraint on the mass (4 +/- 1.1); only reason is at the top is because of the 4 in the mass. Maroon-X team following this up, have mass at the 11% precision level which are consistent with this 3-4 MEarth value. Madison Brady (mtbrady@uchicago.edu) can provide additional details if that is necessary. From follow-up with Madison: Mp = 3.909 +/- 0.461 MEarth. OK with pushing it in the TUC.",
TOI-1452 b,1.67,0.07,4.82,1.30,11.06,9.7,3185,4.95,-0.07,,47.7,0.056,1.759,326,10.91,0.28,0.0070,1.8738,36.8720,18.9924,10.9086,5.0001,0.4420,0.1306,brightsky,85,9,47,17,89,406,298,113,46,106,39.41,40.00,240.84,0.00,Cadieux+2022,,,"Is this a rock? From Rene Doyon: ""We have ongoing RV program on Gemini with Maroon-X to improve its mass from 4 sigma to 10 sigma. Part of the observations have been acquired. This it’s not unreasonable to assume that the mass measurement of this planet will be significantly improved in the coming years.""",
TOI-700 d,1.07,0.06,1.14,,37.42,8.6,3459,4.809,-0.07,54,83.4,0.023,3.314,268,4.58,0.42,0.0227,0.8525,8.2646,11.5341,4.5767,1.9861,0.3218,0.0874,sub256,37,99,819,99,819,333,245,10,4,50,844.54,845.00,8241.79,0.00,Gilbert+2023,,,No mass constraint.,
LHS 1140 b,1.73,0.03,5.60,0.19,24.74,8.8,2988,5.041,-0.15,,94.2,0.073,2.150,218,12.50,0.22,0.0033,0.3720,11.3851,20.1254,12.5026,9.4782,0.6383,0.0762,sub256,48,5,28,10,56,271,199,61,17,60,28.99,29.00,201.84,1.00,Cadieux+2024,Lillo-Box+2020,,Is this a rock?,
TOI-776 b,1.80,0.08,5.00,1.60,8.25,7.6,3725,4.8,-0.21,21.13,25.7,0.030,2.382,520,7.87,0.55,0.0516,12.1044,71.6607,18.6537,7.8723,2.3977,0.2375,0.0537,sub128,27,3,19,5,32,647,476,78,41,39,17.50,18.00,135.30,0.00,Fridlund+2024,Luque+2021,,Is this a rock?,
TOI-260 b,1.71,0.08,4.23,1.60,13.48,6.5,4050,4.45,-0.4,31,31.7,0.025,2.370,509,7.11,0.63,0.0971,11.1236,45.0711,17.5933,7.1078,4.0833,0.2248,0.0752,sub64,18,5,32,7,44,634,466,46,24,26,21.43,22.00,164.74,0.00,Polanski+2024,Hobson et al. 2024,,Mass is 3.3 +/- 1.1 --- above 30% error on mass.,
LP 890-9 c,1.37,0.06,2.68,,8.46,11.3,2850,5.126,-0.028,,55.9,0.082,0.959,269,8.25,0.15,0.0014,0.8734,45.1470,15.6700,8.2462,3.1503,0.4432,0.0344,full,329,50,170,92,313,335,246,162,56,277,108.42,109.00,447.15,0.00,Delrez+2022,,,No mass constraint.,
K2-415 b,1.02,0.05,3.00,,4.02,9.9,3173,5.066,-0.13,4.298,29.6,0.047,1.120,412,10.18,0.20,0.0035,4.7831,141.5986,19.2310,10.1758,-3.8717,0.3496,-0.0134,brightsky,141,18,65,34,122,513,377,143,67,143,56.20,57.00,255.76,0.00,Hirano+2023,,,"Poor RV constraint on the mass (3 +/- 2.7; < 7.5 MEarth at 95% confidence); only reason why it's at the top of this CS table is because of the ""3"" in the mass.",
TRAPPIST-1 g,1.13,0.02,1.32,0.04,12.35,10.3,2566,5.2396,0.0535,2.8,84.6,0.087,1.137,197,5.37,0.12,0.0006,0.2510,22.6502,12.0998,5.3659,-0.7267,0.4706,-0.0182,brightsky,,,66,46,173,246,180,70,17,147,121.83,122.00,552.51,1.00,Agol+2021,,,,
TOI-1467 b,1.68,0.09,4.48,,5.97,8.6,3776,4.787,-0.1,,22.6,0.034,1.578,562,6.79,0.46,0.0380,16.5611,117.9031,18.2878,6.7885,-6.2810,0.1983,-0.0244,sub256,56,9,41,16,74,700,514,112,60,75,34.19,35.00,195.56,0.00,Polanski+2024,Mistry+2024,,No mass constraint; is this a rock?,
TOI-700 e,0.95,0.09,0.76,,27.81,8.6,3459,4.809,-0.07,54,68.4,0.021,2.777,296,3.03,0.42,0.0226,1.2660,12.2923,9.9697,3.0257,-0.8889,0.2208,-0.0344,sub256,40,99,701,99,701,368,270,11,4,55,995.67,996.00,8430.94,0.00,Gilbert+2023,,,No mass constraint.,
TOI-1680 b,1.47,0.06,3.37,,4.80,10.8,3225,5.046,0.04,,32.0,0.064,1.186,403,8.18,0.21,0.0043,4.3655,114.7851,16.9650,8.1849,-3.5513,0.3054,-0.0396,full,219,15,58,27,105,501,369,244,113,215,42.73,43.00,199.80,0.00,Ghachoui+2023,,,No mass constraint.,
TOI-244 b,1.52,0.12,2.68,0.30,7.40,8.0,3433,4.66,-0.39,53.3,28.1,0.033,1.700,458,5.34,0.43,0.0227,7.2875,70.5527,14.8532,5.3446,-1.6477,0.1960,-0.0457,sub256,43,7,28,12,48,570,419,78,39,52,27.37,28.00,164.64,1.00,Castro-González+2023,,,Low density planet; very precise mass constraint (10%); is this a rock?,
TOI-237 b,1.44,0.12,3.00,,5.44,10.9,3212,,,,34.7,0.062,1.173,386,7.59,0.21,0.0043,3.6622,95.9878,16.1377,7.5924,-4.4233,0.3060,-0.0470,full,245,23,91,43,169,480,353,210,94,223,59.79,60.00,276.85,0.00,Waalkes+2021,,,No mass constraint.,
LTT 1445 A b,1.32,0.06,2.73,0.25,5.36,6.5,3340,,,,30.2,0.045,1.392,430,6.92,0.27,0.0079,5.6416,102.8242,16.0868,6.9187,-3.4113,0.2561,-0.0503,sub64,20,1,4,2,8,535,393,137,65,28,2.48,3.00,15.42,1.00,Pass+2023,Lavie+2023,,"MIRI/LRS; Attempted with NIRSpec/PRISM but failed; precise mass constraint. Information from Zach Berta-Thomson: ""we (= Pat Wachiraphan et al., in prep.) *do* reliably detect the eclipse of LTT1445Ab with MIRI/LRS at almost exactly the prediction for a circular orbit, so there's no longer a qualitative uncertainty in the timing of the eclipse. This information is proprietary for now, but the paper should be submitted within a month!""",
HD 260655 c,1.53,0.05,3.09,0.48,5.71,5.9,3803,,,,23.4,0.032,0.980,556,4.45,0.44,0.0362,15.8666,116.3090,15.8812,4.4526,-5.4033,0.1418,-0.0687,sub64,20,2,7,2,7,692,509,98,53,28,5.96,6.00,24.91,1.00,Luque+2022,,,Is this a rock?,
K2-239 d,1.10,0.10,1.24,,10.12,10.0,3420,,,,38.8,0.026,1.840,388,3.59,0.40,0.0192,3.7648,40.3789,11.8828,3.5920,-3.1377,0.1725,-0.0830,brightsky,116,99,524,99,524,483,355,34,15,123,711.41,712.00,4425.79,0.00,Díez-Alonso+2018,,,No mass constraint,
TOI-5799 b,1.63,0.19,3.86,,4.16,9.0,3514,,,,20.3,0.045,1.420,551,5.91,0.33,0.0150,15.3138,190.4991,17.2509,5.9066,-6.4405,0.1799,-0.0863,sub256,67,3,13,5,22,686,504,209,112,89,13.54,14.00,72.91,0.00,Mistry+2024,,,No mass constraint; is this a rock?,
TRAPPIST-1 f,1.05,0.01,1.04,0.03,9.21,10.3,2566,5.2396,0.0535,,69.5,0.080,1.048,218,4.51,0.12,0.0006,0.3714,33.4866,11.1538,4.5094,-2.9853,0.3948,-0.0865,brightsky,,,45,35,126,271,199,87,24,153,93.28,94.00,405.63,1.00,Agol+2021,,,,
K2-129 b,1.04,0.10,1.02,,8.24,8.9,3459.09,4.88177,0,,34.4,0.027,1.512,417,2.40,0.36,0.0165,5.0209263,58.9521,11.06472,34.5902,-7.6518,0.9333,-0.0970,sub256,61,38,184,70,339,519,382,42,20,82,212.75,213.00,1156.33,0.00,Dressing+2017,,,No mass constraint,
TOI-4559 b,1.42,0.13,2.84,,3.97,8.6,3558,,,,19.7,0.035,1.390,567,4.38,0.37,0.0197,17.0902,180.1894,15.8594,4.3804,-7.2222,0.1365,-0.1154,sub256,58,5,22,9,39,705,518,131,71,78,27.06,28.00,143.81,0.00,Mistry+2024,,,No mass constraint.,
Kepler-445 b,1.58,0.23,3.55,,2.98,12.6,3157,,,,21.9,0.068,1.030,477,6.83,0.21,0.0041,8.5491,231.7996,16.7645,6.8347,-10.1090,0.2293,-0.1192,full,890,89,330,99,368,593,436,402,202,515,106.35,107.00,457.21,0.00,Muirhead+2015,Mann+2017,,No mass constraint; is this a rock?,
TOI-5388.01,1.89,0.56,4.79,,2.59,8.3,3495,,,,16.9,0.056,0.313,601,5.53,0.31,0.0129,21.6708,295.2535,17.7962,5.5285,-7.4098,0.1565,-0.1199,sub256,53,1,4,1,4,748,550,380,210,142,11.05,12.00,30.61,0.00,Hord+2024,,,No mass constraint; is this a rock?,
TOI-2266 b,1.54,0.09,3.77,,2.33,11.0,3200,,,,18.4,0.058,0.980,527,6.61,0.24,0.0056,12.7892,288.0561,17.5073,6.6095,-6.4808,0.2053,-0.1232,full,287,15,50,28,93,656,482,355,186,257,37.26,38.00,157.78,0.00,Parviainen+2024,,,No mass constraint; is this a rock?,
Gliese 12 b,0.96,0.05,0.77,,12.76,7.8,3296,,,,53.5,0.034,1.200,319,2.86,0.26,0.0072,1.7082,32.9033,10.0406,2.8566,-3.6826,0.1889,-0.1297,sub128,39,16,63,30,117,397,291,37,15,54,93.18,94.00,439.92,0.00,Dholakia+2024,Kuzuhara+2024,,Upper mass limit of <3.87 MEarth,
TOI-1634 b,1.77,0.08,7.57,0.71,0.99,8.6,3472,,,,7.4,0.036,1.036,904,4.73,0.45,0.0260,110.5355,988.2916,23.1136,4.7310,-13.8172,0.0968,-0.1364,sub256,69,2,7,4,14,1125,827,313,192,88,8.52,9.00,38.57,0.00,Luque & Palle 2022,Cloutier+2021,,Is this a rock? Disparate constraints on the mass between studies.,"[Hannah] Large discrepancy in mass measured between Cloutier+ (2021): 4.91 M_earth and Hirano+ (2021): 10.1 M_earth. The mass found by Luque & Pallé (2022) takes the RVs from the previous two papers and re-fits them, and ends up with an average between the two of 7.57 M_earth. If one of the sets of RVs has some systematic bias (which kind of looks like one of them does?) then I don't think we can trust this average."
LHS 1140 c,1.27,0.03,1.91,0.06,3.78,8.8,2988,,,,27.5,0.054,1.130,403,5.08,0.22,0.0033,4.3572,133.8553,13.7179,5.0835,-6.9638,0.2156,-0.1452,sub256,65,2,8,3,11,501,368,191,88,82,10.19,11.00,49.63,1.00,Cadieux+2024,Lillo-Box+2020,,Hot Rocks Survey,
LP 890-9 b,1.32,0.05,2.38,,2.73,11.3,2850,,,,26.3,0.079,0.846,393,6.45,0.15,0.0014,3.9455,204.5114,15.0238,6.4496,-6.5477,0.2670,-0.1516,full,349,13,41,24,77,489,359,408,186,295,28.08,29.00,111.06,0.00,Delrez+2022,,,No mass constraint.,
GJ 357 b,1.22,0.06,1.84,0.31,3.93,6.5,3505,,,,22.3,0.033,1.291,525,3.07,0.34,0.0154,12.5617,153.4131,13.7373,3.0679,-6.3416,0.1067,-0.1592,sub64,21,2,8,2,8,653,480,103,54,30,6.13,7.00,34.29,1.00,Luque+2019,Jenkins+2019,,Hot Rocks Survey,
TOI-1468 b,1.28,0.04,3.21,0.24,1.88,8.5,3496,,,,13.1,0.034,1.191,682,3.79,0.34,0.0158,35.8419,431.0966,17.7142,3.7898,-9.2977,0.1026,-0.1609,sub256,63,4,15,6,22,849,624,175,101,79,17.86,18.00,83.86,1.00,Chaturvedi+2022,,,Hot Rocks Survey; Precise mass constraint,
TRAPPIST-1 h,0.76,,0.33,,18.77,10.3,2566,5.2396,0.0535,,111.8,0.058,1.269,172,1.74,0.12,0.0006,0.1437,12.9533,7.3504,1.7360,-3.4364,0.3222,-0.1624,brightsky,,,96,99,399,214,157,17,3,139,1601.32,1602.00,7762.65,1.00,Agol+2021,,,,
K2-239 c,1.00,,0.89,,7.78,10.0,3420,,,,34.0,0.024,1.200,415,2.06,0.38,0.0177,4.9028,55.0939,10.5634,2.0638,-4.9378,0.0946,-0.1629,brightsky,142,99,398,99,398,516,379,35,16,152,1083.11,1084.00,5073.12,0.00,Díez-Alonso+2018,,,No mass constraint,
TOI-406 b,1.32,,2.08,,3.31,8.8,3392,4.69,−0.02,29.2,17.6,0.030,1.050,572,2.75,0.41,0.0197,17.7049,186.8625,14.0417,2.7477,-7.1399,0.0832,-0.1705,sub256,50,5,29,10,58,712,523,101,55,96,68.97,69.00,298.08,1.00,Hord+2024,Lacedelli+2024,,"From Luque et al (upcoming paper by Lacedelli et al.) ---  ""The planet has a radius of 2.07+-0.16 Re, mass of 6.54+1.00-0.86 Me, insolation of 3.0+-0.7 Se, and equilibrium temperature of 365+-23K. The planet is a TOI-270d analog with great prospects for transmission spectroscopy. The planet is, however, not very likely to be rocky, but rather volatile-rich."". Properties from non-propietary literature: (Rp, Mp) = (1.96,5.03)",
LHS 1815 b,1.09,,1.58,,3.81,8.0,3643,,,,17.4,0.020,1.346,617,1.29,0.50,0.0396,24.0926,167.0916,13.4799,1.2880,-7.1131,0.0362,-0.1759,sub256,43,20,87,37,160,769,565,48,27,61,130.48,131.00,658.98,0.00,Gan+2020,Luque & Palle 2022,,Mass constraint has 40% errors.,
K2-239 b,1.10,,1.24,,5.24,10.0,3420,,,,24.6,0.026,1.470,488,1.90,0.39,0.0186,9.3655,102.3432,11.8924,1.8992,-6.5416,0.0756,-0.1778,brightsky,129,76,345,99,449,607,446,56,29,137,392.29,393.00,2093.90,0.00,Díez-Alonso+2018,,,No mass constraint,
TOI-2096 b,1.24,,1.92,,3.12,11.0,3300,,,,22.9,0.049,1.072,488,3.89,0.23,0.0059,9.3886,204.9250,13.8845,3.8869,-7.7393,0.1427,-0.1850,full,282,39,142,72,262,607,446,206,105,252,99.41,100.00,437.28,0.00,Pozuelos+2023,,,No mass constraint.,
L 98-59 d    (props propietary; see comments),1.59,,1.35,,7.45,7.1,3412,,,,33.7,0.045,0.840,416,1.80,0.33,0.0129,4.9439,67.2401,10.2975,1.7978,-7.0572,0.0834,-0.1941,sub128,36,2,6,3,9,517,380,121,57,49,9.15,10.00,38.16,1.00,Demangeon+2021,Rajpaul+2024,,"Is this a rock? From Rene Doyon: ""My PhD student Charles Cadieux has reanalysed the Espresso data using the LBL framework that yield significantly better  (~30%) better masses. The analysis also include radius updates with TTV measurements. The mass of L98-59d goes down to 1.35 ± 0.12 M_E with a slightly larger radius 1.593 ± 0.054 M_E e=0.008+0.011/-0.005, For c we have : M=2.02 ± 0.11 M_E,  R= 1.328 ± 0.042 R_E , e=0.003+0.005/-0002. This results are preliminary and should not be disseminated beyond SAC."". Non-propietary values: Rp = 1.52; Mp = 1.94",
TOI-700 b,0.91,,0.65,,9.98,8.6,3459,,,,34.6,0.020,2.170,416,0.95,0.42,0.0227,4.9600,48.1031,9.4522,0.9523,-5.5491,0.0461,-0.1946,sub256,45,67,396,99,585,518,380,24,11,62,388.86,389.00,2726.11,0.00,Gilbert+2023,,,No mass constraint.,
L 98-59 c      (props propietary; see comments),1.33,,2.02,,3.69,7.1,3412,,,,19.0,0.041,1.346,553,2.55,0.30,0.0108,15.5534,235.7663,13.7959,2.5491,-12.0785,0.0845,-0.2030,sub128,32,1,3,2,7,689,506,179,96,38,3.38,4.00,20.12,0.00,Demangeon+2021,Rajpaul+2024,,Hot Rocks Survey,
HD 260655 b,1.24,,2.14,,2.77,5.9,3803,,,,14.4,0.026,1.150,708,0.53,0.44,0.0362,41.6167,304.7311,14.6950,0.5301,-14.6522,0.0077,-0.2030,sub64,18,2,8,2,8,881,648,97,56,26,6.27,7.00,31.92,1.00,Luque+2022,,,Hot Rocks Survey,
TRAPPIST-1 e,0.92,,0.69,,6.10,10.3,2566,5.2396,0.0535,,52.9,0.071,0.929,250,3.16,0.12,0.0006,0.6429,57.9774,9.7014,3.1624,-6.5256,0.2797,-0.2048,brightsky,,,30,29,97,311,228,109,35,163,77.54,78.00,314.36,1.00,Agol+2021,,,,
TOI-1693 b,1.41,,2.88,,1.77,8.3,3499,,,,10.6,0.028,1.420,761,0.85,0.46,0.0284,55.6857,471.5918,15.9794,0.8497,-10.6757,0.0143,-0.2142,sub256,54,5,20,9,36,948,696,142,84,66,20.63,21.00,109.35,0.00,Giacalone+2022,,,No mass constraint.,
LHS 1478 b,1.24,,2.33,,1.95,8.8,3381,,,,16.1,0.046,0.705,595,3.49,0.25,0.0071,20.8353,405.1535,15.3211,3.4930,-10.4513,0.1005,-0.2158,sub256,84,3,9,5,15,741,545,264,145,113,14.37,15.00,52.38,1.00,Soto+2021,,,Hot Rocks Survey,
GJ 486 b,1.32,,3.00,,1.47,6.4,3340,,,,10.9,0.036,1.083,714,2.55,0.33,0.0123,43.0771,603.7780,16.8635,2.5538,-21.3859,0.0663,-0.2170,sub64,22,1,3,1,4,889,653,228,132,30,1.63,2.00,8.80,1.00,Trifonov+2021,Moran & Stevenson+2023,Weiner Mansfield+2024,"Results from JWST/NIRSpec hint atmopshere or stellar contamination, being probed by NIRISS/SOSS in Cycle 3. MIRI/LRS observations rule out the atmospheric hint --- likely a rock.",
TOI-270 b,1.21,,1.58,,3.36,8.3,3506,,,,18.2,0.029,1.387,581,1.15,0.38,0.0194,18.9249,201.4802,12.8035,1.1539,-8.9386,0.0337,-0.2180,sub256,46,6,27,10,45,724,532,97,53,65,35.13,36.00,184.64,1.00,Van Eylen+2021,,,Hot Rocks Survey,
Kepler-446 b,1.50,,3.11,,1.57,12.8,3359,,,,14.2,0.057,0.646,630,3.29,0.24,0.0065,26.1552,534.4944,16.1163,3.2891,-15.3586,0.0949,-0.2231,full,1457,99,289,99,289,785,577,454,254,755,228.40,229.00,767.02,0.00,Muirhead+2015,,,No mass constraint; is this a rock?,
LTT 1445 A c,1.10,,1.37,,3.12,6.5,3340,,,,21.1,0.036,0.482,514,1.98,0.28,0.0087,11.5824,200.2119,12.4835,1.9835,-9.6133,0.0751,-0.2283,sub64,36,2,5,3,7,640,470,125,65,48,10.08,11.00,32.52,1.00,Pass+2023,Lavie+2023,,Precise mass constraint; impact parameter large but not grazing.,
TOI-771 b      (props propietary; see comments),1.42,,2.50,,2.33,9.7,3201,,,,15.7,0.054,1.010,571,3.48,0.24,0.0055,17.6682,401.6089,14.8318,3.4807,-10.7326,0.1040,-0.2284,brightsky,109,3,11,5,18,711,523,357,193,136,11.06,12.00,50.69,1.00,Mistry+2024,,,"From Luque et al (upcoming paper): ""This planet has been observed with ESPRESSO. These results are preliminary and obtained using proprietary data (...) we can report that the mass of the planet can be measured to be 2.5+-0.25 Me (using the stellar properties from Mistry et al. 2024). The planet is slightly under-dense compared to an Earth-like planet, but still consistent with being rocky."". Non-propietary mass: 2.96",
TRAPPIST-1 c,1.10,,1.31,,2.42,10.3,2566,5.2396,0.0535,,28.5,0.084,0.701,340,4.54,0.12,0.0006,2.2036,198.6968,12.2145,4.5437,-10.4758,0.2423,-0.2362,brightsky,,,15,,,423,311,372,154,188,11.85,12.00,41.77,1.00,Agol+2021,Zieba+2023,,"No thick CO2, but consistent with thin atmospheres. Phase curve by Gillon & Ducrot in prep?. Also upcoming eclipses of b+c by Ducrot & Lagage",
LHS 1678 d,0.98,,0.83,,4.97,8.3,3490,,,,26.0,0.027,1.000,484,0.54,0.33,0.0144,9.0848,115.5664,10.3080,0.5381,-9.1092,0.0244,-0.2501,sub256,56,18,63,34,119,602,443,60,30,77,108.16,109.00,457.80,0.00,Silverstein+2024,,,No mass constraint; has a Brown dwarf companion of ~10s of years period,
GJ 1132 b,1.10,,1.66,,1.63,8.3,3270,,,,16.0,0.051,0.766,578,2.14,0.20,0.0040,18.5032,510.1387,13.7414,2.1435,-13.8171,0.0653,-0.2854,sub256,62,2,6,2,6,719,529,320,174,85,5.43,6.00,21.84,1.00,Berta-Thompson+2015,Xue+2024,,Being probed by JWST/NIRSpec in primary transit; MIR/LRS in eclipse. Eclipse observations in Xue+2024 point at this object being an airless rock.,
GJ 3929 b (props propietary; see comments),1.09,,1.21,,2.62,7.9,3384,,,,16.8,0.033,1.190,584,-0.55,0.30,0.0105,19.2486,296.8246,11.7759,-0.5521,-13.3100,-0.0139,-0.2937,sub256,43,4,15,6,22,727,534,134,73,58,14.35,15.00,69.84,1.00,Beard+2022,Kemmer+2022,,"The Rp/Rs is double in Kemmer+2022 than in Beard+2022. Maroon-X team following this up --- get precision down to 10% precision, rocky composition. Madison Brady (mtbrady@uchicago.edu): ""GJ 3929:
Mp = 1.208 +/- 0.112 MEarth

There are no significant updates to the radii.  As these are unpublished, these are potentially due to change, but I am fairly confident that they still sit near the Earth-like composition line."". Non-propietary mass: 1.71.",
TRAPPIST-1 b,1.12,,1.37,,1.51,10.3,2566,5.2396,0.0535,,20.8,0.086,0.601,397,4.00,0.12,0.0006,4.1343,372.9787,12.4118,4.0006,-12.6182,0.1829,-0.2953,brightsky,,,6,3,8,495,364,562,257,203,7.08,8.00,25.94,1.00,Agol+2021,Greene+2023,,Likely no atmosphere from Greene+2023 and Ducrot+2024 (latter in review). Phase curve by Gillon & Ducrot in prep?. Also upcoming eclipses of b+c by Ducrot & Lagage,
LP 791-18 d,1.03,,0.90,,2.75,10.6,2960,,,,23.5,0.052,0.915,431,1.53,0.18,0.0023,5.7441,220.8045,10.4461,1.5321,-11.7899,0.0744,-0.3127,brightsky,217,18,59,34,112,537,395,208,100,207,58.49,59.00,235.79,0.00,Peterson+2023,,,Mass constraint has 50% errors (via TTVs). Maroon-X following this object. 3-sigma detection of the object in that RV data. Madison Brady (mtbrady@uchicago.edu) can provide additional details if that is necessary.,
LHS 1678 c,0.94,,0.72,,3.69,8.3,3490,,,,21.4,0.026,1.230,534,-1.27,0.33,0.0144,13.4708,171.4633,9.8175,-1.2748,-11.1586,-0.0516,-0.3128,sub256,51,13,51,24,95,665,488,67,35,70,77.26,78.00,370.66,0.00,Silverstein+2024,,,No mass constraint; has a Brown dwarf companion of ~10s of years period,
TOI-6086 b,1.18,,1.60,,1.39,10.0,3200,,,,12.8,0.042,0.700,634,0.49,0.26,0.0063,26.7224,558.0824,13.0197,0.4852,-19.6464,0.0078,-0.3176,brightsky,161,12,35,21,61,789,580,256,144,190,45.48,46.00,160.08,0.00,Barkaoui+2024,,,No mass constraint.,
TOI-1450 A b,1.13,,1.26,,2.04,7.6,3437,,,,11.2,0.021,0.988,725,-3.99,0.48,0.0292,45.8410,382.2054,11.8025,-3.9886,-16.6167,-0.0967,-0.3191,sub128,39,7,24,14,49,903,663,78,46,57,48.32,49.00,204.39,1.00,Brady+2024,,,,
GJ 3473 b,1.21,,1.86,,1.20,8.8,3347,,,,9.4,0.032,0.950,772,-4.07,0.35,0.0136,58.9640,775.4294,13.8688,-4.0684,-16.5784,-0.0570,-0.3258,sub256,77,5,17,8,27,961,706,196,117,98,23.99,24.00,97.92,1.00,Kemmer+2020,,,Hot Rocks Survey. Maroon-X has precision better than 10%. Planet is rocky. Madison Brady (mtbrady@uchicago.edu) can provide additional details if that is necessary.,
LTT 3780 b,1.33,,2.46,,0.77,8.2,3358,,,,6.8,0.032,0.788,911,-4.21,0.38,0.0163,114.2559,1351.0152,15.2417,-4.2146,-80.2465,-0.0848,-0.3444,sub256,60,2,6,4,12,1134,833,257,158,82,11.05,12.00,44.30,1.00,Bonfanti+2024,,,,
TRAPPIST-1 d,0.79,,0.39,,4.05,10.3,2566,,,,40.2,0.061,0.815,286,1.45,0.12,0.0006,1.1105,100.1395,7.8492,1.4511,-10.1517,0.1254,-0.3502,brightsky,,,24,30,94,356,262,121,44,174,81.49,82.00,307.89,1.00,Agol+2021,,,total observing time taken from Doyon (2024) --- as they were consistent with Hannah's estimate above for LHS 1140b.,
LP 791-18 b,1.21,,1.76,,0.95,10.6,2960,,,,11.6,0.061,0.620,616,1.13,0.18,0.0023,23.8396,918.6609,13.4722,1.1335,-26.3588,0.0343,-0.3558,brightsky,252,4,11,8,23,767,563,571,317,251,15.74,16.00,52.59,0.00,Peterson+2023,,,No mass constraint. Maroon-X team following it up with a precision at around 20%. Mass is smaller --- sub-Earth density. Madison Brady (mtbrady@uchicago.edu) can provide additional details if that is necessary.,
TOI-5720 b,1.09,,1.21,,1.43,9.3,3325,,,,11.0,0.028,1.020,710,-2.73,0.36,0.0140,42.0774,545.2369,11.7675,-2.7327,-15.7384,-0.0907,-0.3579,brightsky,94,16,59,30,110,884,649,133,77,118,70.62,71.00,301.61,0.00,Barkaoui+2024,,,Upper limit mass constraint of < 4.3 MEarth.,
LHS 475 b,0.99,,0.86,,2.03,7.7,3300,,,,15.9,0.033,0.725,586,-1.58,0.28,0.0083,19.5073,346.9658,10.4406,-1.5786,-14.5495,-0.0607,-0.3607,sub128,49,4,11,6,17,729,536,131,72,67,20.22,21.00,74.34,0.00,Lustig-Yaeger+2023,Ment+2024,,No mass constraint,
TOI-1685 b,1.47,,3.03,,0.67,8.8,3575,,,,5.4,0.030,0.918,1091,-11.61,0.46,0.0303,234.4688,1909.4146,16.0706,-11.6138,-636.6752,-0.1381,-0.3700,sub256,77,3,10,6,21,1357,998,262,166,103,18.70,19.00,76.06,1.00,Bluhm+2021,Luque & Palle 2022,Burt+2024,Planet is likely an airless rock given information from Luque+ (private comm).,
GJ 806 b,1.33,,1.90,,0.93,6.5,3600,,,,7.3,0.029,0.930,942,-8.55,0.42,0.0259,130.5749,1168.5317,13.3648,-8.5509,-37.1449,-0.1544,-0.3844,sub64,26,1,3,1,3,1173,862,208,129,37,3.50,4.00,16.13,1.00,Palle+2023,,,Low bulk density. Maroon-X data indicates mass may be larger than previously thought --- with an Earth-like composition. Stellar activity might be impacting RVs. Madison Brady (mtbrady@uchicago.edu) can provide additional details if that is necessary.,
K2-91 b,1.10,,1.24,,1.42,10.6,3488.898193,,,,11.2,0.035,0.945,737,-3.25,0.29,0.0111,49.0217,727.8621,11.8533,-3.2460,-18.7802,-0.1025,-0.3851,brightsky,273,40,138,75,258,918,675,208,122,229,113.18,114.00,463.75,0.00,Dressing+2017,,,No mass constraint,
Wolf 327 b,1.24,,2.53,,0.57,8.4,3542,,,,5.3,0.028,0.900,1088,-10.81,0.41,0.0232,232.1336,2217.8321,15.9780,-10.8136,-945.0120,-0.1400,-0.4070,sub256,73,4,12,8,24,1354,995,237,150,89,17.08,18.00,71.30,1.00,Murgas+2024,,,,
TOI-6008 b,1.03,,0.99,,0.86,9.5,3075,,,,9.4,0.039,0.650,708,-3.57,0.24,0.0048,41.5654,1026.2464,10.9746,-3.5671,-34.5169,-0.1193,-0.4540,brightsky,128,5,14,9,25,881,647,278,161,153,27.31,28.00,94.08,0.00,Barkaoui+2024,,,Upper limit mass constraint of < 4 MEarth.,
LHS 3844 b,1.30,,2.29,,0.46,9.1,3036,,,,7.1,0.064,0.521,805,-1.93,0.19,0.0027,69.6247,2430.7437,14.8393,-1.9293,-1157.9103,-0.0465,-0.4567,sub256,111,1,3,1,3,1002,736,934,559,140,2.25,3.00,9.15,0.00,Vanderspek+2019,,,"MIRI/LRS, Spitzer; no mass constraint",
TOI-540 b,0.90,,0.63,,1.24,8.9,3216,,,,13.9,0.044,0.489,610,-3.17,0.19,0.0035,22.9367,687.7548,9.3414,-3.1748,-24.1341,-0.1266,-0.4797,sub256,105,4,10,8,20,759,558,260,144,138,22.73,23.00,68.38,0.00,Ment+2021,,,No mass constraint. Active star; short rotation period,
SPECULOOS-3b,0.98,,0.82,,0.72,10.5,2800,,,,12.8,0.073,0.456,553,-1.67,0.12,0.0008,15.5178,1090.7784,10.2773,-1.6739,-35.7456,-0.0549,-0.4878,brightsky,260,3,7,5,12,689,506,714,382,275,10.95,11.00,31.84,0.00,Gillon+2024,,,No mass constraint.,
L 98-59 b,0.85,,0.40,,2.25,7.1,3412,,,,15.0,0.025,0.992,623,-5.12,0.31,0.0117,24.9545,360.2068,7.6735,-5.1164,-21.0206,-0.2141,-0.4943,sub128,33,4,13,7,23,775,570,84,47,45,23.25,24.00,100.34,0.00,Demangeon+2021,Rajpaul+2024,,,
Kepler-42b,0.76,,0.42,,1.21,11.5,3258,,,,14.3,0.040,0.536,610,-4.19,0.17,0.0031,22.9749,739.0213,8.3194,-4.1901,-27.5291,-0.1721,-0.5359,full,607,99,219,99,219,759,558,215,119,433,325.73,326.00,1006.09,0.00,Mann+2017,,,No mass constraint.,
GJ 1252 b,1.18,,1.32,,0.52,7.9,3458,,,,5.0,0.028,0.724,1090,-14.63,0.39,0.0195,234.1313,2482.5638,11.8310,-14.6293,-1209.7750,-0.2664,-0.5425,sub256,55,2,6,4,12,1357,997,239,152,77,12.47,13.00,45.99,1.00,Crossfield+2022,,,No atmosphere according to Crossfield+2022,
TOI-4527.01,0.91,,2.09,,0.40,7.0,3702,,,,3.7,0.017,0.803,1363,-17.62,0.49,0.0398,571.8014,3954.8831,16.9446,-17.6191,-2681.9454,-0.2091,-0.5778,sub128,35,4,13,8,26,1696,1247,114,75,51,27.10,28.00,104.35,0.00,Hord+2024,,,No mass constraint. Maroon-X team following this object. Madison Brady (mtbrady@uchicago.edu) can provide additional details if that is necessary.,
LHS 1678 b,0.69,,0.24,,0.86,8.3,3490,,,,8.1,0.019,0.801,868,-11.85,0.33,0.0144,94.1401,1196.5817,6.6633,-11.8508,-27.0225,-0.4131,-0.6801,sub256,62,20,63,37,116,1081,794,80,49,86,121.00,122.00,454.13,0.00,Silverstein+2024,,,No mass constraint; has a Brown dwarf companion of ~10s of years period,
GJ 238 b,0.57,,0.13,,1.74,7.0,3485,,,,10.6,0.012,1.239,758,-10.19,0.43,0.0245,54.5708,504.6021,5.3163,-10.1920,-21.7462,-0.4501,-0.6843,sub128,27,33,133,61,247,943,693,26,15,39,218.03,219.00,1045.42,0.00,Tey+2024,,,No mass constraint,
Kepler-42c,0.73,,0.35,,0.45,11.5,3258,,,,7.4,0.040,0.445,846,-10.65,0.17,0.0029,84.8963,2829.0399,7.7800,-10.6519,-1556.2689,-0.3362,-0.7284,full,459,26,71,48,131,1053,774,359,218,476,180.32,181.00,518.89,0.00,Mann+2017,,,No mass constraint.,
GJ 367 b,0.70,,0.63,,0.32,5.8,3522,,,,3.3,0.014,0.629,1365,-20.15,0.46,0.0289,575.2870,4820.6141,10.6448,-20.1477,-3547.6991,-0.4058,-0.7673,sub64,23,4,11,7,19,1699,1249,81,53,31,20.48,21.00,69.50,1.00,Goffo+2023,Zhang+2023,,No atmosphere according to Zhang+2023,